{"train_loss": [0.6650511436164379, 0.5435769259929657, 0.46433962509036064, 0.4115150049328804, 0.3756263479590416, 0.35022925212979317, 0.33148907497525215, 0.3171814754605293, 0.30586956068873405, 0.2967578135430813, 0.28939729556441307, 0.28342052921652794, 0.27851537987589836, 0.2744635194540024, 0.27111308462917805, 0.2683394644409418, 0.2660406846553087, 0.2641360964626074, 0.26256152242422104, 0.26126388646662235, 0.26019810512661934, 0.25932739302515984, 0.25862071849405766, 0.25805215537548065, 0.2575997728854418, 0.25724492967128754, 0.25697179697453976, 0.25676697678864, 0.25661936216056347, 0.25651939772069454, 0.25645875185728073, 0.2564307972788811, 0.2564296443015337, 0.2564503327012062, 0.2564886622130871, 0.2565412875264883, 0.25660521164536476, 0.25667791813611984, 0.2567574307322502, 0.25684194825589657, 0.2569300327450037, 0.25702052749693394, 0.25711246579885483, 0.2572049964219332, 0.2572975028306246, 0.25738946348428726, 0.2574805375188589, 0.2575703039765358, 0.2576583754271269, 0.2577447071671486], "train_acc": [0.7465277777777778, 0.8229166666666667, 0.859375, 0.8923611111111112, 0.9166666666666666, 0.9340277777777777, 0.9479166666666666, 0.9583333333333333, 0.9618055555555556, 0.9670138888888888, 0.9739583333333334, 0.9791666666666667, 0.9791666666666667, 0.982638888888889, 0.982638888888889, 0.984375, 0.984375, 0.984375, 0.9878472222222223, 0.9895833333333334, 0.9895833333333334, 0.9895833333333334, 0.9895833333333334, 0.9895833333333334, 0.9895833333333334, 0.9895833333333334, 0.9895833333333334, 0.9895833333333334, 0.9895833333333334, 0.9895833333333334, 0.9895833333333334, 0.9895833333333334, 0.9895833333333334, 0.9895833333333334, 0.9895833333333334, 0.9895833333333334, 0.9895833333333334, 0.9895833333333334, 0.9895833333333334, 0.9895833333333334, 0.9895833333333334, 0.9895833333333334, 0.9895833333333334, 0.9895833333333334, 0.9895833333333334, 0.9895833333333334, 0.9895833333333334, 0.9878472222222223, 0.9878472222222223, 0.9878472222222223], "val_loss": [0.8942085057497025, 0.8543916642665863, 0.8246994018554688, 0.80244280397892, 0.7893978953361511, 0.7809413522481918, 0.7747847735881805, 0.7708979174494743, 0.7679321691393852, 0.7651309370994568, 0.7628489658236504, 0.7610057592391968, 0.75924963504076, 0.7576261311769485, 0.7562417313456535, 0.755020759999752, 0.7539163902401924, 0.7529462352395058, 0.7520965710282326, 0.7513405531644821, 0.7506698220968246, 0.7500756308436394, 0.7495497018098831, 0.7490836903452873, 0.7486699372529984, 0.748304471373558, 0.7479833289980888, 0.747698999941349, 0.7474458515644073, 0.7472218722105026, 0.7470233887434006, 0.7468459233641624, 0.7466876059770584, 0.7465473562479019, 0.7464217618107796, 0.7463107481598854, 0.7462128251791, 0.7461250126361847, 0.7460471615195274, 0.745978519320488, 0.7459171265363693, 0.7458635419607162, 0.745815634727478, 0.745773509144783, 0.7457370087504387, 0.7457050085067749, 0.7456768676638603, 0.7456524521112442, 0.7456308752298355, 0.7456123307347298], "val_acc": [0.6493055555555556, 0.6527777777777777, 0.6666666666666667, 0.6736111111111112, 0.6666666666666666, 0.6753472222222223, 0.6805555555555556, 0.6788194444444444, 0.6788194444444444, 0.6736111111111112, 0.671875, 0.6736111111111112, 0.6736111111111112, 0.6736111111111112, 0.6753472222222222, 0.6805555555555556, 0.6822916666666666, 0.6805555555555556, 0.6840277777777778, 0.6840277777777778, 0.6840277777777778, 0.6840277777777778, 0.6857638888888888, 0.6875, 0.6892361111111112, 0.6909722222222223, 0.6927083333333333, 0.6909722222222223, 0.6892361111111112, 0.6892361111111112, 0.6927083333333334, 0.6927083333333334, 0.6927083333333334, 0.6927083333333334, 0.6944444444444444, 0.6944444444444444, 0.6961805555555556, 0.6927083333333334, 0.6927083333333334, 0.6927083333333334, 0.6927083333333334, 0.6927083333333334, 0.6927083333333334, 0.6927083333333334, 0.6927083333333334, 0.6927083333333334, 0.6909722222222222, 0.6909722222222222, 0.6909722222222223, 0.6909722222222223]}