{"train_loss": [0.6323899533599615, 0.4658028371632099, 0.38858691416680813, 0.3467618729919195, 0.3209806475788355, 0.3035795595496893, 0.291477320715785, 0.28274498507380486, 0.27638110611587763, 0.2716956716030836, 0.2682433156296611, 0.2656985856592655, 0.2638302780687809, 0.26246646232903004, 0.2614798219874501, 0.26077499985694885, 0.26028056256473064, 0.2599428351968527, 0.259721334092319, 0.25958550442010164, 0.2595124691724777, 0.25948486384004354, 0.25949001871049404, 0.2595180654898286, 0.25956182461231947, 0.25961611792445183, 0.2596769677475095, 0.2597415605559945, 0.25980763882398605, 0.2598739489912987, 0.259939331561327, 0.26000300608575344, 0.2600646885111928, 0.2601239187642932, 0.260180632583797, 0.26023469492793083, 0.26028620917350054, 0.26033521071076393, 0.26038166880607605, 0.26042578741908073, 0.2604675944894552, 0.2605073293671012, 0.2605449752882123, 0.2605807650834322, 0.26061478070914745, 0.2606470622122288, 0.26067776791751385, 0.26070695742964745, 0.26073473133146763, 0.260761228390038], "train_acc": [0.78125, 0.8628472222222222, 0.9097222222222222, 0.9383680555555556, 0.9522569444444444, 0.9635416666666667, 0.974826388888889, 0.9782986111111112, 0.9782986111111112, 0.9809027777777779, 0.9852430555555556, 0.9869791666666667, 0.9869791666666667, 0.9869791666666667, 0.9878472222222223, 0.9878472222222223, 0.9878472222222223, 0.9878472222222223, 0.9887152777777779, 0.9887152777777779, 0.9887152777777779, 0.9887152777777779, 0.9887152777777779, 0.9887152777777779, 0.9895833333333334, 0.9895833333333334, 0.9895833333333334, 0.9895833333333334, 0.9895833333333334, 0.9895833333333334, 0.9895833333333334, 0.9895833333333334, 0.9895833333333334, 0.9895833333333334, 0.9895833333333334, 0.9895833333333334, 0.9895833333333334, 0.9895833333333334, 0.9895833333333334, 0.9895833333333334, 0.9895833333333334, 0.9895833333333334, 0.9895833333333334, 0.9895833333333334, 0.9895833333333334, 0.9895833333333334, 0.9895833333333334, 0.9895833333333334, 0.9895833333333334, 0.9895833333333334], "val_loss": [0.8342231810092926, 0.7837555110454559, 0.7611563839018345, 0.7503214776515961, 0.7450082041323185, 0.7409054078161716, 0.7379272542893887, 0.7353443242609501, 0.7332860603928566, 0.7315902002155781, 0.7302232906222343, 0.7291046269237995, 0.7281971536576748, 0.727459080517292, 0.7268611676990986, 0.7263743244111538, 0.7259783484041691, 0.7256560251116753, 0.7253936901688576, 0.7251776531338692, 0.725001372396946, 0.7248556353151798, 0.7247368134558201, 0.7246395908296108, 0.7245612218976021, 0.7244977355003357, 0.7244459204375744, 0.7244048118591309, 0.724371649324894, 0.7243460044264793, 0.7243254855275154, 0.7243103198707104, 0.7242992557585239, 0.724290993064642, 0.724284827709198, 0.7242810018360615, 0.724278662353754, 0.7242774814367294, 0.724277276545763, 0.7242782674729824, 0.7242802642285824, 0.7242826744914055, 0.7242851704359055, 0.7242878340184689, 0.7242909669876099, 0.7242941185832024, 0.7242972925305367, 0.724300529807806, 0.7243036366999149, 0.7243067435920238], "val_acc": [0.6684027777777778, 0.6805555555555556, 0.6848958333333334, 0.6883680555555556, 0.6857638888888888, 0.6840277777777778, 0.6814236111111112, 0.6857638888888888, 0.6892361111111112, 0.6935763888888888, 0.6961805555555556, 0.6970486111111112, 0.7013888888888888, 0.7039930555555556, 0.7039930555555556, 0.7065972222222223, 0.7057291666666667, 0.7057291666666667, 0.7065972222222222, 0.7065972222222222, 0.7057291666666666, 0.7057291666666667, 0.7083333333333333, 0.7092013888888888, 0.7100694444444444, 0.709201388888889, 0.7100694444444444, 0.7100694444444444, 0.7100694444444444, 0.7118055555555556, 0.7118055555555556, 0.7118055555555556, 0.7126736111111112, 0.7126736111111112, 0.7126736111111112, 0.7126736111111112, 0.7126736111111112, 0.7126736111111112, 0.7126736111111112, 0.7126736111111112, 0.7126736111111112, 0.7126736111111112, 0.7126736111111112, 0.7126736111111112, 0.7126736111111112, 0.7126736111111112, 0.7126736111111112, 0.7126736111111112, 0.7126736111111112, 0.7126736111111112]}