{"train_loss": [0.7127116695046425, 0.6227292120456696, 0.556717362254858, 0.5090649761259556, 0.4722384922206402, 0.4446808733046055, 0.4230903647840023, 0.4060857780277729, 0.39271996542811394, 0.3820808678865433, 0.3735141456127167, 0.366617139428854, 0.36105458065867424, 0.35653939470648766, 0.352873507887125, 0.3498983234167099, 0.34747885540127754, 0.3455132618546486, 0.34391945973038673, 0.3426291011273861, 0.34158799424767494, 0.34075168892741203, 0.34008317813277245, 0.33955276012420654, 0.33913612365722656, 0.3388126827776432, 0.33856556564569473, 0.338380828499794, 0.33824732154607773, 0.33815548941493034, 0.33809734880924225, 0.3380664438009262, 0.3380575254559517, 0.33806630596518517, 0.3380890265107155, 0.3381224498152733, 0.33816443383693695, 0.3382127247750759, 0.3382657803595066, 0.3383221812546253, 0.3383808359503746, 0.3384409360587597, 0.3385017327964306, 0.33856282383203506, 0.33862365782260895, 0.33868376538157463, 0.33874304965138435, 0.33880116418004036, 0.33885806426405907, 0.33891354501247406], "train_acc": [0.7413194444444444, 0.7743055555555556, 0.8229166666666666, 0.859375, 0.8628472222222222, 0.875, 0.8888888888888888, 0.8975694444444444, 0.9027777777777777, 0.907986111111111, 0.9131944444444444, 0.9184027777777778, 0.921875, 0.9270833333333334, 0.9340277777777777, 0.9375, 0.9392361111111112, 0.9427083333333333, 0.9479166666666667, 0.9479166666666667, 0.9496527777777779, 0.9496527777777779, 0.9496527777777779, 0.951388888888889, 0.953125, 0.953125, 0.953125, 0.953125, 0.953125, 0.953125, 0.9548611111111112, 0.9548611111111112, 0.9548611111111112, 0.9548611111111112, 0.9548611111111112, 0.9548611111111112, 0.9548611111111112, 0.9548611111111112, 0.9548611111111112, 0.9548611111111112, 0.9548611111111112, 0.9548611111111112, 0.9548611111111112, 0.9548611111111112, 0.9548611111111112, 0.9548611111111112, 0.9548611111111112, 0.9548611111111112, 0.9548611111111112, 0.9548611111111112], "val_loss": [0.6024426594376564, 0.5650117732584476, 0.5436455011367798, 0.5292164385318756, 0.5176960937678814, 0.5108009874820709, 0.5078843496739864, 0.5062415190041065, 0.5051805302500725, 0.5050554536283016, 0.5056060142815113, 0.5063439421355724, 0.5071564130485058, 0.5080867186188698, 0.5090689435601234, 0.510020412504673, 0.5109270922839642, 0.5117972753942013, 0.512619137763977, 0.5133799128234386, 0.5140837356448174, 0.5147378966212273, 0.5153417028486729, 0.515897449105978, 0.5164096690714359, 0.5168815106153488, 0.5173163786530495, 0.5177174583077431, 0.5180878154933453, 0.5184293799102306, 0.5187449865043163, 0.5190368480980396, 0.5193067565560341, 0.5195559561252594, 0.5197869949042797, 0.5200017020106316, 0.5202003866434097, 0.520385380834341, 0.5205573812127113, 0.5207174234092236, 0.5208660513162613, 0.5210048370063305, 0.5211347192525864, 0.5212557055056095, 0.5213686637580395, 0.5214741714298725, 0.5215728841722012, 0.5216649323701859, 0.521751169115305, 0.5218320414423943], "val_acc": [0.7795138888888888, 0.8020833333333334, 0.8107638888888888, 0.8194444444444444, 0.8229166666666667, 0.828125, 0.8315972222222222, 0.8298611111111112, 0.8315972222222223, 0.8315972222222223, 0.8333333333333333, 0.8350694444444444, 0.8385416666666667, 0.8385416666666667, 0.8385416666666667, 0.8350694444444444, 0.8298611111111112, 0.8298611111111112, 0.828125, 0.8263888888888888, 0.828125, 0.8298611111111112, 0.8298611111111112, 0.8298611111111112, 0.8315972222222223, 0.8315972222222223, 0.8315972222222223, 0.8298611111111112, 0.8246527777777777, 0.8246527777777777, 0.8246527777777777, 0.8246527777777777, 0.8246527777777777, 0.8246527777777777, 0.8246527777777777, 0.8229166666666666, 0.8229166666666666, 0.8229166666666666, 0.8229166666666666, 0.8229166666666666, 0.8246527777777778, 0.8229166666666667, 0.8229166666666667, 0.8229166666666667, 0.8229166666666667, 0.8229166666666667, 0.8229166666666667, 0.8229166666666667, 0.8211805555555556, 0.8211805555555556]}