{"train_loss": [0.717153936624527, 0.6039229705929756, 0.5344845354557037, 0.4859382087985675, 0.45216019699970883, 0.42754556487003964, 0.4091327240069707, 0.3951786359151204, 0.3844239115715027, 0.376050241291523, 0.36949831744035083, 0.36434904485940933, 0.3602888708313306, 0.3570844382047653, 0.3545532102386157, 0.3525540456175804, 0.3509768173098564, 0.3497346267104149, 0.34875915696223575, 0.3479965354005496, 0.3474030941724777, 0.3469453826546669, 0.34659527490536374, 0.34633148461580276, 0.34613625705242157, 0.3459955503543218, 0.3458977739016215, 0.34583403915166855, 0.34579696506261826, 0.34578067312637967, 0.3457803229490916, 0.3457924351096153, 0.3458137959241867, 0.34584207087755203, 0.34587550163269043, 0.3459121783574422, 0.3459511225422223, 0.34599126875400543, 0.34603213022152585, 0.34607283025979996, 0.3461131453514099, 0.3461526731650035, 0.34619108339150745, 0.34622830897569656, 0.34626422822475433, 0.3462987964351972, 0.3463318596283595, 0.3463634004195531, 0.34639361252387363, 0.34642227987448376], "train_acc": [0.7314814814814814, 0.7858796296296298, 0.8333333333333335, 0.855324074074074, 0.875, 0.8865740740740741, 0.8923611111111112, 0.90625, 0.9166666666666666, 0.920138888888889, 0.9317129629629629, 0.9340277777777777, 0.9409722222222222, 0.9409722222222222, 0.9421296296296297, 0.9490740740740741, 0.9490740740740741, 0.9525462962962963, 0.9525462962962963, 0.9525462962962963, 0.9525462962962963, 0.9525462962962963, 0.9525462962962963, 0.9537037037037037, 0.9537037037037037, 0.9537037037037037, 0.9537037037037037, 0.9537037037037037, 0.9537037037037037, 0.9548611111111112, 0.9560185185185186, 0.9560185185185186, 0.9560185185185186, 0.9560185185185186, 0.9560185185185186, 0.9560185185185186, 0.9560185185185186, 0.9560185185185186, 0.9560185185185186, 0.9560185185185186, 0.9560185185185186, 0.9560185185185186, 0.9560185185185186, 0.9560185185185186, 0.9560185185185186, 0.9560185185185186, 0.9560185185185186, 0.9560185185185186, 0.9560185185185186, 0.9560185185185186], "val_loss": [0.5597252746423086, 0.5217921063303947, 0.5014285271366438, 0.4901549369096756, 0.48537052422761917, 0.4830426201224327, 0.48266997188329697, 0.4832678387562434, 0.4844168598453204, 0.4859050114949544, 0.4874836852153142, 0.4890957549214363, 0.4906488011280696, 0.4921055883169174, 0.49345244963963825, 0.4946773077050845, 0.49578401694695157, 0.49677758167187375, 0.49766742686430615, 0.4984625081221263, 0.49917195985714596, 0.4998053138454755, 0.5003703385591507, 0.5008762379487356, 0.501328577597936, 0.5017335390051206, 0.502096655468146, 0.5024236813187599, 0.5027191042900085, 0.5029859468340874, 0.503227507074674, 0.5034464672207832, 0.5036454796791077, 0.5038259501258532, 0.503990871210893, 0.5041415095329285, 0.5042788485685984, 0.504404179751873, 0.5045190925399462, 0.5046241333087286, 0.504721057911714, 0.5048101022839546, 0.5048919096589088, 0.5049674113591512, 0.5050367042422295, 0.5051005507508913, 0.5051593879858652, 0.5052139858404795, 0.5052644684910774, 0.5053112010161082], "val_acc": [0.7997685185185185, 0.8148148148148149, 0.8287037037037037, 0.835648148148148, 0.8344907407407406, 0.8333333333333331, 0.835648148148148, 0.8402777777777778, 0.8449074074074073, 0.8425925925925924, 0.8437499999999999, 0.8425925925925926, 0.8414351851851851, 0.8379629629629628, 0.8425925925925924, 0.8414351851851851, 0.841435185185185, 0.841435185185185, 0.841435185185185, 0.8402777777777776, 0.8391203703703702, 0.8402777777777777, 0.8402777777777777, 0.8379629629629629, 0.8379629629629629, 0.8391203703703703, 0.8391203703703703, 0.8379629629629629, 0.8379629629629629, 0.8391203703703703, 0.8391203703703703, 0.8391203703703703, 0.8391203703703703, 0.8391203703703703, 0.8379629629629629, 0.8379629629629629, 0.8379629629629629, 0.8379629629629629, 0.8379629629629629, 0.8379629629629629, 0.8379629629629629, 0.8379629629629629, 0.8379629629629629, 0.8379629629629629, 0.8379629629629629, 0.8379629629629629, 0.8379629629629629, 0.8379629629629629, 0.8379629629629629, 0.8379629629629629]}