{"train_loss": [1.3877904017766316, 1.1994384030501049, 1.0663464069366455, 0.9695902814467748, 0.8981945315996805, 0.8439422051111857, 0.8023790220419565, 0.7695101747910181, 0.7446935921907425, 0.725819523135821, 0.7108467370271683, 0.6989219089349111, 0.6893634845813116, 0.6816715250412623, 0.6754574726025263, 0.6704173386096954, 0.6663169165452322, 0.6629716356595358, 0.6602348983287811, 0.6579912751913071, 0.6561480661233267, 0.6546312719583511, 0.6533813625574112, 0.6523502320051193, 0.6514983971913656, 0.6507950276136398, 0.6502137879530588, 0.6497333546479543, 0.6493366609017054, 0.6490090688069662, 0.6487390001614889, 0.6485168387492498, 0.6483343640963236, 0.6481848806142807, 0.6480627705653509, 0.6479632705450058, 0.6478830426931381, 0.6478182921806971, 0.6477667888005575, 0.6477258851130804, 0.6476941555738449, 0.6476699113845825, 0.6476518412431082, 0.647638589143753, 0.6476295044024786, 0.6476238320271174, 0.6476207772890726, 0.6476201117038727, 0.6476211051146189, 0.6476236134767532], "train_acc": [0.43402777777777785, 0.523148148148148, 0.5740740740740741, 0.6006944444444444, 0.6493055555555555, 0.6851851851851851, 0.7141203703703703, 0.7349537037037037, 0.7523148148148149, 0.773148148148148, 0.7858796296296297, 0.7974537037037037, 0.8055555555555557, 0.8148148148148149, 0.8229166666666666, 0.8298611111111112, 0.8333333333333331, 0.8368055555555554, 0.8391203703703702, 0.8460648148148148, 0.8483796296296297, 0.8506944444444443, 0.8518518518518517, 0.8530092592592592, 0.8541666666666666, 0.8564814814814814, 0.8576388888888888, 0.8576388888888888, 0.8576388888888888, 0.8576388888888888, 0.8576388888888888, 0.8587962962962963, 0.8599537037037037, 0.8599537037037037, 0.8611111111111112, 0.8611111111111112, 0.8599537037037037, 0.8599537037037037, 0.8599537037037037, 0.8599537037037037, 0.8599537037037037, 0.8599537037037037, 0.8599537037037037, 0.8599537037037037, 0.8599537037037037, 0.8611111111111112, 0.8611111111111112, 0.8611111111111112, 0.8611111111111112, 0.8611111111111112], "val_loss": [1.0288887719313304, 0.9573554992675781, 0.9208114643891653, 0.9056332657734553, 0.8931757907072703, 0.8871327390273412, 0.8850260972976685, 0.8840442299842834, 0.8847665538390478, 0.8859765579303106, 0.8873941600322723, 0.8889798174301783, 0.890621080994606, 0.892261470357577, 0.8938860346873602, 0.8954725712537766, 0.897014300028483, 0.8985050817330679, 0.8999374111493429, 0.9013053526480993, 0.9026058961947759, 0.9038341591755549, 0.9049903303384781, 0.9060726712147394, 0.907083640495936, 0.9080261786778768, 0.9089024662971497, 0.9097157120704651, 0.910467728972435, 0.9111635039250056, 0.9118068019549052, 0.9124004195133845, 0.912948081890742, 0.9134528934955597, 0.913920114437739, 0.9143509666124979, 0.914748802781105, 0.9151158283154169, 0.9154537816842397, 0.9157663583755493, 0.916055699189504, 0.9163235624631246, 0.9165722280740738, 0.9168034791946411, 0.9170191437005997, 0.9172198822100958, 0.9174071947733561, 0.9175811658302943, 0.9177430421113968, 0.9178947061300278], "val_acc": [0.5775462962962963, 0.5821759259259257, 0.5972222222222222, 0.6134259259259259, 0.6203703703703703, 0.6342592592592593, 0.6377314814814814, 0.6365740740740741, 0.6331018518518519, 0.6238425925925926, 0.6250000000000001, 0.6307870370370371, 0.6365740740740741, 0.6319444444444444, 0.6331018518518517, 0.6412037037037037, 0.6423611111111112, 0.6435185185185185, 0.6377314814814815, 0.638888888888889, 0.6400462962962964, 0.6412037037037038, 0.6435185185185185, 0.6446759259259259, 0.6412037037037036, 0.6400462962962963, 0.6388888888888888, 0.6412037037037036, 0.6412037037037036, 0.6412037037037036, 0.642361111111111, 0.6435185185185185, 0.6435185185185185, 0.6446759259259259, 0.6446759259259259, 0.6446759259259259, 0.6446759259259259, 0.6446759259259259, 0.6435185185185185, 0.6446759259259259, 0.6435185185185185, 0.6435185185185185, 0.6435185185185185, 0.6435185185185185, 0.6446759259259259, 0.6446759259259259, 0.6446759259259259, 0.6435185185185185, 0.6435185185185185, 0.642361111111111]}