{"train_loss": [1.404027059674263, 1.2588751912117004, 1.1442927122116089, 1.0530120804905891, 0.9796813353896141, 0.9211066737771034, 0.8735450878739357, 0.8347488194704056, 0.8029556721448898, 0.7769831866025925, 0.7556686028838158, 0.7386629432439804, 0.7247944325208664, 0.7132485806941986, 0.7035936862230301, 0.6954918503761292, 0.6886793002486229, 0.6829366460442543, 0.6780855432152748, 0.673982173204422, 0.670507937669754, 0.667562335729599, 0.665062390267849, 0.6629395186901093, 0.6611368507146835, 0.659605085849762, 0.658303938806057, 0.657198578119278, 0.6562597379088402, 0.6554642543196678, 0.6547903791069984, 0.6542207151651382, 0.6537401303648949, 0.6533359959721565, 0.6529974266886711, 0.652715191245079, 0.6524812504649162, 0.6522889584302902, 0.652132160961628, 0.652006097137928, 0.6519062146544456, 0.6518288105726242, 0.651770606637001, 0.6517287492752075, 0.6517011076211929, 0.6516856178641319, 0.6516805216670036, 0.6516843661665916, 0.6516955867409706, 0.651712991297245], "train_acc": [0.4409722222222222, 0.49479166666666674, 0.5347222222222222, 0.5677083333333334, 0.5989583333333333, 0.6302083333333334, 0.6579861111111112, 0.6788194444444444, 0.703125, 0.7291666666666667, 0.7465277777777778, 0.763888888888889, 0.7708333333333334, 0.7829861111111112, 0.7951388888888888, 0.8003472222222223, 0.8090277777777777, 0.8142361111111112, 0.8177083333333333, 0.828125, 0.8298611111111112, 0.8333333333333334, 0.8350694444444444, 0.8420138888888888, 0.8489583333333333, 0.8506944444444444, 0.8541666666666666, 0.8559027777777777, 0.8628472222222223, 0.8645833333333333, 0.8663194444444444, 0.8697916666666667, 0.8715277777777778, 0.8715277777777778, 0.8715277777777778, 0.8715277777777777, 0.8715277777777777, 0.8715277777777777, 0.8715277777777777, 0.8732638888888888, 0.8732638888888888, 0.875, 0.8767361111111112, 0.8784722222222222, 0.8784722222222222, 0.8784722222222222, 0.8784722222222222, 0.8784722222222222, 0.8784722222222222, 0.8802083333333333], "val_loss": [1.0102644935250282, 0.9715969040989876, 0.9290090352296829, 0.907055176794529, 0.8978907093405724, 0.8911139890551567, 0.8858710676431656, 0.883379802107811, 0.8829031512141228, 0.8830855116248131, 0.8834435567259789, 0.8844312280416489, 0.8855233043432236, 0.8865329250693321, 0.8875418975949287, 0.8886139467358589, 0.8896994516253471, 0.8907829970121384, 0.8918894380331039, 0.8930120915174484, 0.894131600856781, 0.8952470272779465, 0.8963493779301643, 0.8974321857094765, 0.8984889090061188, 0.8995124250650406, 0.9004979282617569, 0.9014437198638916, 0.9023468941450119, 0.9032068103551865, 0.9040259420871735, 0.9048036634922028, 0.9055405929684639, 0.9062389433383942, 0.9068998321890831, 0.9075241237878799, 0.9081141725182533, 0.908671610057354, 0.9091979712247849, 0.909694641828537, 0.9101646542549133, 0.9106096997857094, 0.9110298454761505, 0.9114272445440292, 0.9118032529950142, 0.9121590629220009, 0.9124968573451042, 0.9128177538514137, 0.9131222665309906, 0.9134118929505348], "val_acc": [0.5798611111111112, 0.5920138888888888, 0.6041666666666666, 0.6284722222222222, 0.6284722222222222, 0.6319444444444444, 0.6475694444444444, 0.6493055555555556, 0.6458333333333333, 0.640625, 0.6388888888888888, 0.6354166666666667, 0.6354166666666666, 0.6354166666666666, 0.640625, 0.6440972222222223, 0.6475694444444444, 0.6458333333333333, 0.6475694444444445, 0.6440972222222222, 0.6493055555555556, 0.6510416666666667, 0.6579861111111112, 0.6579861111111112, 0.65625, 0.6579861111111112, 0.6614583333333333, 0.6597222222222223, 0.6597222222222223, 0.6579861111111112, 0.6579861111111112, 0.65625, 0.65625, 0.6579861111111112, 0.6579861111111112, 0.6614583333333333, 0.6614583333333333, 0.6614583333333333, 0.6597222222222222, 0.6579861111111112, 0.6597222222222222, 0.6597222222222222, 0.6597222222222222, 0.6597222222222222, 0.6597222222222222, 0.6597222222222222, 0.6597222222222222, 0.6597222222222222, 0.6597222222222222, 0.6597222222222222]}