{"train_loss": [1.1795054376125336, 0.9880762696266174, 0.8503354340791702, 0.7561643918355306, 0.6935560007890066, 0.6492973119020462, 0.6164060185352961, 0.5908098568518957, 0.5711454500754675, 0.5563236822684606, 0.5446510563294092, 0.5353807136416435, 0.5279893750945727, 0.5220656568805376, 0.5172988325357437, 0.513453297317028, 0.5103419994314512, 0.5078209092219671, 0.5057767455776533, 0.5041181072592735, 0.5027734488248825, 0.5016837293903033, 0.5008019606272379, 0.5000903929273287, 0.49951761960983276, 0.49905866136153537, 0.4986925646662712, 0.4984024067719777, 0.49817391733328503, 0.49799581865469617, 0.4978589216868083, 0.49775514503320056, 0.49767858535051346, 0.49762355039517087, 0.4975861608982086, 0.49756243576606113, 0.4975498989224434, 0.49754610409339267, 0.4975492979089419, 0.49755754818518955, 0.49756969263156253, 0.49758486201365787, 0.49760224918524426, 0.4976211066047351, 0.4976409375667572, 0.49766137699286145, 0.4976819083094597, 0.4977024892965953, 0.4977228020628293, 0.49774274478356045], "train_acc": [0.5150462962962963, 0.5833333333333334, 0.6435185185185186, 0.7094907407407406, 0.7372685185185185, 0.7731481481481483, 0.8032407407407408, 0.8217592592592592, 0.8356481481481483, 0.8483796296296297, 0.8553240740740741, 0.8657407407407408, 0.8726851851851851, 0.8738425925925926, 0.8807870370370369, 0.8842592592592592, 0.8900462962962963, 0.894675925925926, 0.8958333333333335, 0.8958333333333335, 0.8981481481481483, 0.9004629629629629, 0.9027777777777778, 0.9062500000000001, 0.9074074074074076, 0.9085648148148149, 0.9074074074074074, 0.9097222222222222, 0.9108796296296297, 0.9108796296296297, 0.9097222222222222, 0.9120370370370371, 0.9131944444444443, 0.9131944444444443, 0.9131944444444443, 0.9131944444444443, 0.9131944444444443, 0.9131944444444443, 0.9131944444444443, 0.9131944444444443, 0.9131944444444443, 0.9131944444444443, 0.9131944444444443, 0.9131944444444443, 0.9131944444444443, 0.9131944444444443, 0.9131944444444443, 0.9131944444444443, 0.9131944444444443, 0.9131944444444443], "val_loss": [0.9489598919947942, 0.9130462110042572, 0.8681330233812332, 0.8492215176423391, 0.8328470985094706, 0.8243348797162374, 0.820457304517428, 0.8178549259901047, 0.8166816532611847, 0.8165474484364191, 0.8170335938533148, 0.8181245028972626, 0.8194612165292104, 0.8209792872269949, 0.8225980699062347, 0.8242445041735967, 0.8258857280015945, 0.8274930765231451, 0.829051598906517, 0.8305442730585734, 0.8319679697354635, 0.8333186656236649, 0.8345901568730673, 0.8357891291379929, 0.8369168639183044, 0.8379711707433065, 0.8389584223429362, 0.8398787677288055, 0.8407362600167593, 0.8415334820747375, 0.8422730167706808, 0.8429614454507828, 0.8435990313688914, 0.8441905230283737, 0.8447389105955759, 0.8452475915352503, 0.8457190146048864, 0.846156025926272, 0.8465616554021835, 0.8469377805789312, 0.8472857077916464, 0.8476096739371618, 0.8479116608699163, 0.8481915444135666, 0.8484517534573873, 0.8486937632163366, 0.8489201416571935, 0.8491312265396118, 0.8493286619583765, 0.8495133916536967], "val_acc": [0.6365740740740741, 0.6331018518518517, 0.6597222222222222, 0.6712962962962963, 0.6875, 0.6921296296296297, 0.6979166666666665, 0.6967592592592592, 0.6967592592592592, 0.7060185185185186, 0.7060185185185186, 0.7037037037037037, 0.6979166666666666, 0.6956018518518517, 0.6956018518518517, 0.6921296296296297, 0.6898148148148148, 0.6898148148148149, 0.6944444444444443, 0.6932870370370371, 0.6944444444444445, 0.6921296296296297, 0.6886574074074074, 0.6898148148148148, 0.6875, 0.6875, 0.6863425925925926, 0.6851851851851851, 0.6851851851851851, 0.6840277777777777, 0.6863425925925926, 0.6863425925925926, 0.6851851851851851, 0.6851851851851851, 0.6840277777777778, 0.6840277777777778, 0.6828703703703703, 0.6817129629629629, 0.6793981481481483, 0.6793981481481483, 0.6782407407407408, 0.6782407407407408, 0.6770833333333334, 0.6770833333333334, 0.6770833333333334, 0.6770833333333334, 0.6770833333333334, 0.6770833333333334, 0.675925925925926, 0.675925925925926]}