{"train_loss": [1.165614314377308, 1.0147761479020119, 0.8984115496277809, 0.8113221079111099, 0.7446232959628105, 0.6945623084902763, 0.6557606533169746, 0.6256127133965492, 0.6015490218997002, 0.5826231464743614, 0.567289337515831, 0.5547976791858673, 0.5445701703429222, 0.5361548140645027, 0.529195986688137, 0.5234196856617928, 0.5186093151569366, 0.5145948007702827, 0.5112381801009178, 0.508429042994976, 0.5060777775943279, 0.5041091293096542, 0.5024622566998005, 0.501086950302124, 0.4999411925673485, 0.4989888034760952, 0.4982006959617138, 0.4975513257086277, 0.4970198906958103, 0.4965879060328007, 0.49624092876911163, 0.49596569687128067, 0.4957513362169266, 0.495588555932045, 0.4954688139259815, 0.4953858554363251, 0.49533362686634064, 0.4953073114156723, 0.49530256912112236, 0.4953155592083931, 0.4953436329960823, 0.4953838028013706, 0.49543364346027374, 0.4954915940761566, 0.4955563358962536, 0.4956258274614811, 0.4956992231309414, 0.4957755245268345, 0.4958540238440037, 0.49593402072787285], "train_acc": [0.5208333333333333, 0.5885416666666667, 0.6319444444444444, 0.6701388888888888, 0.7204861111111112, 0.7482638888888888, 0.7760416666666667, 0.8055555555555555, 0.8246527777777778, 0.84375, 0.8541666666666667, 0.8663194444444444, 0.8663194444444444, 0.8697916666666667, 0.8715277777777778, 0.8715277777777778, 0.8784722222222223, 0.8836805555555556, 0.888888888888889, 0.8923611111111112, 0.8975694444444444, 0.8993055555555555, 0.9010416666666666, 0.9010416666666666, 0.9027777777777778, 0.9010416666666667, 0.9010416666666667, 0.9010416666666667, 0.9027777777777778, 0.9079861111111112, 0.9149305555555556, 0.9149305555555556, 0.9149305555555556, 0.9149305555555556, 0.9149305555555556, 0.9149305555555556, 0.9166666666666667, 0.9201388888888888, 0.9201388888888888, 0.9201388888888888, 0.9201388888888888, 0.9201388888888888, 0.9201388888888888, 0.9201388888888888, 0.9184027777777778, 0.9201388888888888, 0.9201388888888888, 0.9184027777777778, 0.9184027777777778, 0.9184027777777778], "val_loss": [1.0008023232221603, 0.9603208899497986, 0.9052514731884003, 0.8751019388437271, 0.8632581532001495, 0.8500311523675919, 0.837836742401123, 0.8324028849601746, 0.8290591388940811, 0.8257914111018181, 0.8236506506800652, 0.8228006809949875, 0.8223492801189423, 0.8221345394849777, 0.8223443254828453, 0.8228376433253288, 0.8234629258513451, 0.8242392614483833, 0.8251411691308022, 0.8261126279830933, 0.8271269127726555, 0.82817592471838, 0.8292368352413177, 0.8302919715642929, 0.8313350081443787, 0.8323597684502602, 0.8333550840616226, 0.8343235105276108, 0.8352577090263367, 0.8361559584736824, 0.8370172679424286, 0.8378372564911842, 0.8386211544275284, 0.8393685221672058, 0.8400776609778404, 0.8407519459724426, 0.8413930088281631, 0.8420023396611214, 0.8425801247358322, 0.8431274220347404, 0.8436467871069908, 0.8441395834088326, 0.8446058183908463, 0.8450479581952095, 0.8454668074846268, 0.8458640202879906, 0.8462405949831009, 0.8465988114476204, 0.8469390049576759, 0.8472622781991959], "val_acc": [0.6145833333333333, 0.625, 0.6475694444444444, 0.6614583333333334, 0.6649305555555556, 0.6753472222222222, 0.6927083333333334, 0.6892361111111112, 0.6875, 0.6857638888888888, 0.6840277777777778, 0.6909722222222222, 0.6892361111111112, 0.6857638888888888, 0.6875, 0.6857638888888888, 0.6788194444444444, 0.6770833333333333, 0.6788194444444444, 0.6840277777777778, 0.6909722222222222, 0.6875, 0.6875, 0.6840277777777778, 0.6857638888888888, 0.6875, 0.6875, 0.6857638888888888, 0.6875, 0.6892361111111112, 0.6927083333333334, 0.6927083333333334, 0.6944444444444444, 0.6909722222222223, 0.6892361111111112, 0.6892361111111112, 0.6892361111111112, 0.6892361111111112, 0.6892361111111112, 0.6892361111111112, 0.6875, 0.6875, 0.6857638888888888, 0.6892361111111112, 0.6892361111111112, 0.6892361111111112, 0.6892361111111112, 0.6875, 0.6857638888888888, 0.6857638888888888]}