{"train_loss": [0.8962617591023445, 0.786966547369957, 0.708216205239296, 0.647377535700798, 0.6001696921885014, 0.5634209997951984, 0.5345505774021149, 0.5115045569837093, 0.49304603040218353, 0.4781915545463562, 0.4661702774465084, 0.4563833437860012, 0.4483639970421791, 0.4417637512087822, 0.43631109595298767, 0.43179190531373024, 0.4280364662408829, 0.42491240426898, 0.4223129227757454, 0.4201522432267666, 0.41835880279541016, 0.41687340289354324, 0.4156474284827709, 0.4146397151052952, 0.41381505876779556, 0.4131450019776821, 0.41260500624775887, 0.4121740236878395, 0.4118347615003586, 0.41157223656773567, 0.4113738462328911, 0.4112289659678936, 0.41112861782312393, 0.4110651947557926, 0.4110323414206505, 0.4110244810581207, 0.41103722155094147, 0.4110667370259762, 0.41110946610569954, 0.4111628830432892, 0.41122452542185783, 0.4112927317619324, 0.4113658629357815, 0.41144244000315666, 0.41152121126651764, 0.4116015285253525, 0.4116823635995388, 0.411763321608305, 0.41184407472610474, 0.41192375123500824], "train_acc": [0.59375, 0.6649305555555556, 0.7118055555555556, 0.7465277777777778, 0.7586805555555556, 0.796875, 0.8107638888888888, 0.8368055555555556, 0.8489583333333333, 0.8732638888888888, 0.890625, 0.8940972222222222, 0.8975694444444444, 0.9027777777777778, 0.9045138888888888, 0.9114583333333334, 0.9166666666666667, 0.921875, 0.9236111111111112, 0.9253472222222223, 0.9270833333333334, 0.9270833333333334, 0.9322916666666667, 0.9340277777777778, 0.9340277777777778, 0.9392361111111112, 0.9427083333333333, 0.9427083333333333, 0.9444444444444444, 0.9444444444444444, 0.9444444444444444, 0.9444444444444444, 0.9444444444444444, 0.9444444444444444, 0.9461805555555556, 0.9461805555555556, 0.9461805555555556, 0.9461805555555556, 0.9461805555555556, 0.9461805555555556, 0.9461805555555556, 0.9479166666666666, 0.9479166666666666, 0.9479166666666666, 0.9479166666666666, 0.9479166666666666, 0.9496527777777777, 0.9496527777777777, 0.9496527777777777, 0.9496527777777777], "val_loss": [0.6612582430243492, 0.634696863591671, 0.6209521144628525, 0.6125530749559402, 0.6060853451490402, 0.6025275699794292, 0.6011164300143719, 0.6008640117943287, 0.6014854647219181, 0.6028905585408211, 0.6047575995326042, 0.6068420447409153, 0.6090612635016441, 0.6113104820251465, 0.613508440554142, 0.6156374886631966, 0.6176852062344551, 0.619636170566082, 0.6214914992451668, 0.623253345489502, 0.6249212622642517, 0.6264971494674683, 0.6279840543866158, 0.6293836086988449, 0.6306983605027199, 0.6319318786263466, 0.633086770772934, 0.6341670081019402, 0.6351761445403099, 0.6361182630062103, 0.6369976922869682, 0.6378179341554642, 0.6385826393961906, 0.6392955109477043, 0.639960266649723, 0.6405797302722931, 0.6411574706435204, 0.6416965201497078, 0.6422001495957375, 0.6426707431674004, 0.6431113332509995, 0.6435236111283302, 0.6439100727438927, 0.6442730203270912, 0.6446137651801109, 0.6449344828724861, 0.6452364102005959, 0.6455211415886879, 0.645789623260498, 0.646043449640274], "val_acc": [0.7291666666666667, 0.7534722222222222, 0.7621527777777777, 0.7725694444444444, 0.7777777777777777, 0.7847222222222222, 0.7829861111111112, 0.7881944444444444, 0.7951388888888888, 0.7986111111111112, 0.796875, 0.8003472222222222, 0.7951388888888888, 0.7916666666666667, 0.7899305555555556, 0.7916666666666667, 0.795138888888889, 0.7951388888888888, 0.7916666666666666, 0.7916666666666666, 0.7916666666666666, 0.7934027777777777, 0.7899305555555556, 0.7899305555555556, 0.7899305555555556, 0.7881944444444444, 0.7899305555555556, 0.7881944444444444, 0.7864583333333333, 0.7864583333333333, 0.7899305555555556, 0.7899305555555556, 0.7899305555555556, 0.7881944444444444, 0.7864583333333333, 0.7847222222222222, 0.7847222222222222, 0.7847222222222222, 0.7864583333333333, 0.7847222222222223, 0.7847222222222223, 0.7847222222222223, 0.7847222222222223, 0.7829861111111112, 0.7829861111111112, 0.7829861111111112, 0.7829861111111112, 0.7829861111111112, 0.78125, 0.78125]}