{"train_loss": [0.906927227973938, 0.7698460817337036, 0.6810114632050196, 0.6162681331237158, 0.568889357149601, 0.5338857298096021, 0.507549819846948, 0.48752931505441666, 0.472100925942262, 0.4600886528690656, 0.4506416395306587, 0.44314398368199664, 0.437153863410155, 0.43234311292568844, 0.42846612880627316, 0.425334354241689, 0.4228021577000618, 0.42075445006291073, 0.4190988540649414, 0.4177618622779846, 0.4166836192210515, 0.4158158525824547, 0.4151197125514348, 0.4145631765325864, 0.41411987443765, 0.41376880059639615, 0.413492684563001, 0.4132772162556648, 0.41311060388882953, 0.412983775138855, 0.4128890037536621, 0.41281992693742114, 0.41277170926332474, 0.41273975372314453, 0.4127211198210716, 0.41271257897218067, 0.41271233807007474, 0.41271815448999405, 0.4127286672592163, 0.4127429351210594, 0.4127598702907562, 0.41277851661046344, 0.4127984344959259, 0.4128190949559212, 0.4128401254614194, 0.4128611584504445, 0.41288216908772785, 0.41290279229482013, 0.41292305290699005, 0.4129426379998525], "train_acc": [0.6018518518518519, 0.6747685185185186, 0.7268518518518517, 0.7604166666666665, 0.7824074074074073, 0.8182870370370371, 0.8402777777777777, 0.8564814814814814, 0.8715277777777778, 0.8900462962962964, 0.9016203703703703, 0.9085648148148148, 0.9155092592592594, 0.9166666666666669, 0.9189814814814814, 0.9201388888888888, 0.9236111111111112, 0.9259259259259259, 0.9259259259259259, 0.9282407407407408, 0.9305555555555557, 0.9317129629629629, 0.9317129629629629, 0.9328703703703702, 0.9328703703703702, 0.9328703703703702, 0.9328703703703702, 0.9328703703703702, 0.9328703703703702, 0.9317129629629629, 0.9317129629629629, 0.9317129629629629, 0.9305555555555555, 0.9317129629629629, 0.9317129629629629, 0.9328703703703703, 0.9328703703703703, 0.9328703703703703, 0.9328703703703703, 0.9328703703703703, 0.9328703703703703, 0.9340277777777778, 0.9340277777777778, 0.9340277777777778, 0.9340277777777778, 0.9340277777777778, 0.9340277777777778, 0.9340277777777778, 0.9340277777777778, 0.9340277777777778], "val_loss": [0.633273534476757, 0.6174934953451157, 0.6065959359208742, 0.6007875328262647, 0.5987620850404104, 0.5988119194904963, 0.6003044297297796, 0.6026287252704302, 0.6054716557264328, 0.6084181492527326, 0.6112933233380318, 0.6140315358837446, 0.6165753876169523, 0.6189261923233668, 0.6210940877596537, 0.6230880469083786, 0.6249216546614965, 0.6266055405139923, 0.6281497577826182, 0.6295638630787531, 0.6308569858471552, 0.6320362190405527, 0.6331110944350561, 0.6340894301732382, 0.634980117281278, 0.6357893397410711, 0.6365248213211695, 0.6371929198503494, 0.6378008375565211, 0.6383538444836935, 0.6388568232456843, 0.6393150339523951, 0.63973268866539, 0.6401136269172033, 0.6404619862635931, 0.6407807171344757, 0.6410731722911199, 0.6413423220316569, 0.6415903717279434, 0.6418187320232391, 0.642029787103335, 0.6422255784273148, 0.6424072583516439, 0.6425764163335165, 0.6427340557177862, 0.6428819348414739, 0.6430201133092245, 0.6431493212779363, 0.6432699710130692, 0.6433834185202917], "val_acc": [0.7372685185185185, 0.7534722222222222, 0.7546296296296297, 0.7708333333333334, 0.7766203703703703, 0.7847222222222222, 0.7905092592592592, 0.7916666666666666, 0.789351851851852, 0.7881944444444443, 0.7870370370370371, 0.7870370370370371, 0.7881944444444443, 0.7847222222222222, 0.7881944444444445, 0.7905092592592594, 0.7905092592592592, 0.7905092592592594, 0.7881944444444445, 0.7881944444444445, 0.7881944444444445, 0.7870370370370371, 0.7870370370370371, 0.7847222222222223, 0.7858796296296298, 0.7858796296296298, 0.7847222222222223, 0.7824074074074076, 0.7824074074074076, 0.7824074074074076, 0.7824074074074076, 0.7824074074074076, 0.7824074074074076, 0.7824074074074076, 0.7824074074074076, 0.7824074074074076, 0.7824074074074076, 0.7835648148148149, 0.7835648148148149, 0.7835648148148149, 0.7835648148148149, 0.7835648148148149, 0.7835648148148149, 0.7812500000000001, 0.7812500000000001, 0.7824074074074076, 0.7824074074074076, 0.7824074074074076, 0.7824074074074076, 0.7824074074074076]}