{"train_loss": [1.6172693818807602, 1.4135821908712387, 1.2646872773766518, 1.1358936131000519, 1.0348743498325348, 0.9532835409045219, 0.8892858177423477, 0.8393074795603752, 0.7997787296772003, 0.7688020020723343, 0.7438275814056396, 0.7243949249386787, 0.7101210206747055, 0.6985234022140503, 0.6889710947871208, 0.6810377463698387, 0.6743920370936394, 0.6687808856368065, 0.6640239357948303, 0.659974955022335, 0.6565151661634445, 0.6535495519638062, 0.6510041952133179, 0.648815207183361, 0.6469310969114304, 0.6453086882829666, 0.6439115330576897, 0.6427086964249611, 0.6416727155447006, 0.6407813355326653, 0.6400156766176224, 0.6393587961792946, 0.6387962102890015, 0.6383161023259163, 0.6379072964191437, 0.6375609487295151, 0.6372685357928276, 0.6370238810777664, 0.6368203237652779, 0.6366525441408157, 0.6365157961845398, 0.6364064589142799, 0.6363203898072243, 0.6362548992037773, 0.6362073794007301, 0.6361751332879066, 0.6361563801765442, 0.636148989200592, 0.6361516714096069, 0.6361628547310829], "train_acc": [0.3611111111111111, 0.4166666666666667, 0.45138888888888884, 0.49479166666666663, 0.5520833333333333, 0.6006944444444444, 0.6388888888888888, 0.6614583333333333, 0.6805555555555556, 0.7187499999999999, 0.7326388888888888, 0.765625, 0.78125, 0.7899305555555556, 0.8020833333333333, 0.8090277777777777, 0.8142361111111112, 0.8159722222222222, 0.8229166666666667, 0.8315972222222223, 0.8333333333333334, 0.8333333333333334, 0.8402777777777778, 0.8472222222222223, 0.8472222222222223, 0.8506944444444444, 0.8524305555555556, 0.8541666666666667, 0.8576388888888888, 0.859375, 0.859375, 0.8611111111111112, 0.8611111111111112, 0.8645833333333334, 0.8645833333333334, 0.8645833333333334, 0.8663194444444444, 0.8663194444444444, 0.8663194444444444, 0.8663194444444444, 0.8680555555555556, 0.8680555555555556, 0.8680555555555556, 0.8697916666666667, 0.8697916666666667, 0.8697916666666667, 0.8697916666666667, 0.8697916666666667, 0.8697916666666667, 0.8697916666666667], "val_loss": [1.3126778453588486, 1.2511411905288696, 1.1720908731222153, 1.12376469373703, 1.1001423001289368, 1.0872560888528824, 1.076722539961338, 1.0706426501274109, 1.0687770247459412, 1.0689634829759598, 1.0697446539998055, 1.072153389453888, 1.0744900330901146, 1.0767335668206215, 1.0787827223539352, 1.0805649235844612, 1.0821090191602707, 1.0834619998931885, 1.0846620500087738, 1.0857324600219727, 1.0866881012916565, 1.0875481367111206, 1.0883264541625977, 1.089030385017395, 1.0896654278039932, 1.0902401804924011, 1.090762436389923, 1.0912376195192337, 1.0916694104671478, 1.092064157128334, 1.092426285147667, 1.0927597880363464, 1.0930675268173218, 1.0933507084846497, 1.093613162636757, 1.093859151005745, 1.0940883159637451, 1.094300702214241, 1.0944979786872864, 1.0946834683418274, 1.094858393073082, 1.0950220823287964, 1.0951756983995438, 1.0953211933374405, 1.095459207892418, 1.0955890864133835, 1.0957121402025223, 1.0958299189805984, 1.095943108201027, 1.0960509777069092], "val_acc": [0.453125, 0.4479166666666667, 0.48263888888888884, 0.4965277777777778, 0.4913194444444444, 0.5173611111111112, 0.517361111111111, 0.515625, 0.517361111111111, 0.5121527777777777, 0.5104166666666666, 0.5052083333333334, 0.5086805555555556, 0.5052083333333333, 0.49826388888888884, 0.501736111111111, 0.5052083333333333, 0.5121527777777778, 0.5138888888888888, 0.5121527777777777, 0.5138888888888888, 0.515625, 0.515625, 0.5121527777777778, 0.5138888888888888, 0.5121527777777777, 0.5121527777777778, 0.5104166666666666, 0.5104166666666666, 0.5121527777777778, 0.515625, 0.5173611111111112, 0.515625, 0.5121527777777777, 0.5138888888888888, 0.5138888888888888, 0.515625, 0.515625, 0.515625, 0.515625, 0.515625, 0.515625, 0.515625, 0.515625, 0.515625, 0.517361111111111, 0.517361111111111, 0.5190972222222222, 0.5190972222222222, 0.5208333333333333]}