{"train_loss": [1.4695683966080348, 1.0848732714851697, 0.8821302379171053, 0.775183250506719, 0.7185351053873698, 0.6883351281285286, 0.6696925436456999, 0.6576090728243192, 0.64957361916701, 0.6441400100787481, 0.6404265090823174, 0.6378696983059248, 0.6361031383275986, 0.6348819782336553, 0.6340387786428133, 0.6334595630566279, 0.6330654149254163, 0.6328008224566778, 0.6326275765895844, 0.6325182269016901, 0.6324535235762596, 0.6324198022484779, 0.6324075162410736, 0.6324098333716393, 0.6324218884110451, 0.6324403882026672, 0.632463201880455, 0.6324883997440338, 0.6325151150425276, 0.632542205353578, 0.632569283246994, 0.632596048216025, 0.6326223214467367, 0.6326477204759916, 0.6326723222931226, 0.632696067293485, 0.6327188263336817, 0.6327408204476038, 0.6327618658542633, 0.6327821935216585, 0.6328016767899195, 0.6328203603625298, 0.6328382566571236, 0.6328555395205816, 0.6328722015023232, 0.6328881407777468, 0.6329034467538198, 0.6329181964198748, 0.632932518919309, 0.6329461733500162], "train_acc": [0.4021990740740741, 0.5266203703703703, 0.6377314814814815, 0.7112268518518517, 0.765625, 0.7934027777777777, 0.8211805555555557, 0.8385416666666666, 0.8466435185185186, 0.8553240740740741, 0.861111111111111, 0.8663194444444445, 0.8680555555555557, 0.8692129629629629, 0.8692129629629629, 0.8703703703703702, 0.8703703703703702, 0.8703703703703702, 0.8721064814814814, 0.8732638888888888, 0.8738425925925926, 0.8738425925925926, 0.8738425925925926, 0.8744212962962963, 0.875, 0.875, 0.875, 0.875, 0.875, 0.875, 0.875, 0.875, 0.875, 0.875, 0.875, 0.875, 0.875, 0.875, 0.875, 0.875, 0.875, 0.875, 0.875, 0.875, 0.8738425925925926, 0.8738425925925926, 0.8738425925925926, 0.8738425925925926, 0.8738425925925926, 0.8738425925925926], "val_loss": [1.1784496655066807, 1.0796160474419594, 1.0561786716183026, 1.0548239797353745, 1.0600182662407558, 1.0648438955346744, 1.0687837476531665, 1.072013686100642, 1.074625330666701, 1.0766961127519608, 1.0783310681581497, 1.0796174208323162, 1.0806350857019424, 1.0814476162195206, 1.082103009025256, 1.0826387653748195, 1.083079844713211, 1.083448976278305, 1.083758294582367, 1.084021379550298, 1.0842485477526982, 1.0844451238711674, 1.084616298476855, 1.084768757224083, 1.0849043031533558, 1.085025578737259, 1.0851345459620159, 1.0852336039145787, 1.0853242526451747, 1.085407127936681, 1.0854835361242294, 1.0855547189712524, 1.0856207112471263, 1.0856819699207942, 1.0857396572828293, 1.0857930531104405, 1.0858436574538548, 1.085892031590144, 1.0859381904204686, 1.085982436935107, 1.086024339000384, 1.0860650390386581, 1.0861031810442607, 1.0861397335926692, 1.086174840728442, 1.0862085471550624, 1.0862407038609188, 1.0862713356812794, 1.0863009591897328, 1.086329181989034], "val_acc": [0.47800925925925924, 0.5196759259259259, 0.5393518518518519, 0.5324074074074074, 0.5300925925925926, 0.5300925925925926, 0.5324074074074074, 0.5347222222222222, 0.5347222222222222, 0.5347222222222222, 0.5329861111111112, 0.5324074074074074, 0.5335648148148149, 0.5335648148148149, 0.53125, 0.5324074074074074, 0.5335648148148148, 0.5335648148148148, 0.5347222222222222, 0.5358796296296297, 0.5358796296296297, 0.5370370370370371, 0.5358796296296297, 0.5358796296296297, 0.5358796296296297, 0.5358796296296297, 0.5358796296296297, 0.5358796296296297, 0.5347222222222222, 0.5347222222222222, 0.5347222222222222, 0.5347222222222222, 0.5347222222222222, 0.5347222222222222, 0.5347222222222222, 0.5347222222222222, 0.5347222222222222, 0.5347222222222222, 0.5347222222222222, 0.5347222222222222, 0.5347222222222222, 0.5347222222222222, 0.5347222222222222, 0.5347222222222222, 0.5347222222222222, 0.5347222222222222, 0.5335648148148148, 0.5335648148148148, 0.5335648148148148, 0.5335648148148148]}