{"train_loss": [0.7966285273432732, 0.6859783753752708, 0.6058595255017281, 0.5462066791951656, 0.5021981373429298, 0.4696873500943184, 0.4450232908129692, 0.4260120987892151, 0.4112001843750477, 0.39944735541939735, 0.3900282643735409, 0.38245055451989174, 0.376309797167778, 0.3713110573589802, 0.36723750457167625, 0.3639103136956692, 0.36118731275200844, 0.3589613512158394, 0.3571426458656788, 0.35565830022096634, 0.3544502779841423, 0.3534707725048065, 0.3526802472770214, 0.35204629600048065, 0.3515426367521286, 0.3511468395590782, 0.350840549916029, 0.3506077826023102, 0.35043640807271004, 0.3503151573240757, 0.350235003978014, 0.3501884378492832, 0.3501692973077297, 0.35017218440771103, 0.3501928895711899, 0.3502277284860611, 0.35027364268898964, 0.3503281772136688, 0.350389052182436, 0.35045479610562325, 0.3505239374935627, 0.3505951836705208, 0.3506678193807602, 0.3507408872246742, 0.3508138358592987, 0.35088619962334633, 0.3509577065706253, 0.3510280065238476, 0.35109684243798256, 0.35116418078541756], "train_acc": [0.6701388888888888, 0.7326388888888888, 0.7986111111111112, 0.8385416666666667, 0.8628472222222221, 0.876736111111111, 0.8871527777777778, 0.9045138888888888, 0.9131944444444444, 0.9288194444444444, 0.9322916666666667, 0.9375, 0.9409722222222222, 0.9409722222222222, 0.9409722222222222, 0.9409722222222222, 0.9444444444444444, 0.9461805555555556, 0.9496527777777777, 0.9513888888888888, 0.9513888888888888, 0.953125, 0.953125, 0.953125, 0.954861111111111, 0.954861111111111, 0.954861111111111, 0.954861111111111, 0.9565972222222222, 0.9565972222222222, 0.9565972222222222, 0.9565972222222222, 0.9565972222222222, 0.9565972222222222, 0.9565972222222222, 0.9548611111111112, 0.9548611111111112, 0.9548611111111112, 0.9548611111111112, 0.9565972222222223, 0.9565972222222223, 0.9565972222222223, 0.9565972222222223, 0.9565972222222223, 0.9565972222222223, 0.9565972222222223, 0.9565972222222223, 0.9565972222222223, 0.9565972222222223, 0.9565972222222223], "val_loss": [0.6327116414904594, 0.6107295379042625, 0.5911215022206306, 0.5798119828104973, 0.5740102678537369, 0.5713881403207779, 0.5718532614409924, 0.5741889365017414, 0.577175248414278, 0.5806302130222321, 0.5844328664243221, 0.5882351249456406, 0.5919148810207844, 0.5954827703535557, 0.5988777466118336, 0.6020577065646648, 0.6050349585711956, 0.6078098751604557, 0.6103783659636974, 0.6127516180276871, 0.6149423308670521, 0.616959135979414, 0.6188120357692242, 0.620513990521431, 0.6220761612057686, 0.6235084682703018, 0.6248217485845089, 0.6260262317955494, 0.6271311864256859, 0.6281454190611839, 0.629076387733221, 0.6299322322010994, 0.6307192705571651, 0.631443053483963, 0.6321092657744884, 0.6327232532203197, 0.6332896798849106, 0.633812990039587, 0.6342970058321953, 0.6347455196082592, 0.6351616308093071, 0.6355480439960957, 0.6359075419604778, 0.6362425684928894, 0.6365547403693199, 0.636846300214529, 0.6371190473437309, 0.6373747810721397, 0.6376145482063293, 0.6378397829830647], "val_acc": [0.7534722222222222, 0.7621527777777777, 0.7708333333333333, 0.7760416666666666, 0.7864583333333334, 0.7864583333333333, 0.7916666666666666, 0.7916666666666666, 0.7864583333333333, 0.7777777777777778, 0.7690972222222223, 0.7690972222222223, 0.7690972222222223, 0.7673611111111112, 0.765625, 0.765625, 0.765625, 0.7638888888888888, 0.7604166666666666, 0.7621527777777778, 0.7638888888888888, 0.763888888888889, 0.763888888888889, 0.763888888888889, 0.7621527777777778, 0.7621527777777778, 0.7621527777777778, 0.7621527777777778, 0.7621527777777778, 0.7621527777777778, 0.7621527777777778, 0.763888888888889, 0.765625, 0.765625, 0.765625, 0.765625, 0.765625, 0.765625, 0.765625, 0.7673611111111112, 0.7673611111111112, 0.7673611111111112, 0.7673611111111112, 0.7690972222222223, 0.7690972222222223, 0.7690972222222223, 0.7690972222222223, 0.7690972222222223, 0.7690972222222223, 0.7690972222222223]}