{"train_loss": [0.7961492786804835, 0.653323287765185, 0.5656280269225439, 0.506070464849472, 0.46615326404571533, 0.4382571578025818, 0.4178115849693616, 0.4027666449546814, 0.3914391299088796, 0.38276950766642887, 0.3761111994584401, 0.3709414501984914, 0.3669035981098811, 0.3637417058149974, 0.36125300576289493, 0.35929177701473236, 0.3577449421087901, 0.3565243383248647, 0.3555631215373675, 0.35480770220359165, 0.3542163173357646, 0.35375546167294186, 0.35339945803085965, 0.3531268735726674, 0.3529210065801938, 0.3527684062719345, 0.352658083041509, 0.35258135944604874, 0.35253145049015683, 0.352502500017484, 0.3524902015924454, 0.3524908075730006, 0.3525014966726303, 0.3525197108586629, 0.35254380106925964, 0.35257213314374286, 0.3526035149892171, 0.35263703266779584, 0.35267195850610733, 0.3527078256011009, 0.3527439584334691, 0.3527800142765045, 0.35281581928332645, 0.3528510183095932, 0.35288551946481067, 0.3529192383090655, 0.3529520034790039, 0.35298389693101245, 0.35301486402750015, 0.35304486006498337], "train_acc": [0.6747685185185186, 0.7511574074074074, 0.8159722222222222, 0.8460648148148149, 0.8692129629629631, 0.8888888888888888, 0.898148148148148, 0.9155092592592592, 0.9236111111111112, 0.9340277777777778, 0.9386574074074074, 0.9421296296296298, 0.9467592592592594, 0.9502314814814815, 0.9525462962962964, 0.9537037037037037, 0.9560185185185185, 0.9560185185185185, 0.9571759259259259, 0.9571759259259259, 0.9583333333333334, 0.9594907407407406, 0.9618055555555555, 0.9618055555555555, 0.9618055555555555, 0.9618055555555555, 0.9618055555555555, 0.9618055555555555, 0.9618055555555555, 0.9629629629629629, 0.9629629629629629, 0.9641203703703703, 0.9641203703703703, 0.9652777777777777, 0.9652777777777777, 0.9652777777777777, 0.9652777777777777, 0.9652777777777777, 0.9652777777777777, 0.9652777777777777, 0.9652777777777777, 0.9652777777777777, 0.9652777777777777, 0.9652777777777777, 0.9652777777777777, 0.9652777777777777, 0.9652777777777777, 0.9652777777777777, 0.9652777777777777, 0.9652777777777777], "val_loss": [0.6126400828361511, 0.5816199779510498, 0.5662357211112976, 0.5604996259013811, 0.5605007285873095, 0.563979834318161, 0.5687300538023313, 0.5739652365446091, 0.579360713561376, 0.5845419839024544, 0.5894176463286082, 0.5939332942167918, 0.5980439384778341, 0.6017626573642095, 0.6051032741864523, 0.6080910613139471, 0.610756387313207, 0.6131282697121302, 0.6152374098698298, 0.6171104659636816, 0.6187744239966074, 0.6202524503072103, 0.6215658535559972, 0.6227342089017233, 0.6237747470537821, 0.6247028410434723, 0.6255321751038233, 0.6262741287549337, 0.6269392967224121, 0.6275367041428884, 0.6280735731124878, 0.6285574287176132, 0.6289947678645452, 0.6293904781341553, 0.629749928911527, 0.6300767113765081, 0.6303747346003851, 0.6306471228599548, 0.6308969358603159, 0.6311269203821818, 0.6313388347625732, 0.6315345366795858, 0.6317158192396164, 0.6318840831518173, 0.6320408334334692, 0.6321871081988016, 0.6323237071434656, 0.632451593875885, 0.6325717518726984, 0.6326847324768702], "val_acc": [0.7766203703703703, 0.7835648148148149, 0.7939814814814814, 0.8055555555555555, 0.8078703703703703, 0.8090277777777778, 0.798611111111111, 0.7928240740740741, 0.7881944444444445, 0.7858796296296297, 0.7824074074074073, 0.7800925925925927, 0.7777777777777777, 0.7789351851851851, 0.7777777777777778, 0.7743055555555557, 0.7754629629629631, 0.7754629629629629, 0.7754629629629629, 0.7743055555555557, 0.7743055555555557, 0.7754629629629629, 0.7766203703703703, 0.7766203703703703, 0.7766203703703703, 0.7777777777777778, 0.7766203703703703, 0.7777777777777778, 0.7777777777777778, 0.7766203703703706, 0.7754629629629631, 0.7743055555555557, 0.7731481481481483, 0.7731481481481483, 0.7731481481481483, 0.7731481481481483, 0.7731481481481483, 0.7731481481481483, 0.7731481481481483, 0.7754629629629629, 0.7754629629629629, 0.7754629629629629, 0.7754629629629629, 0.7754629629629629, 0.7754629629629629, 0.7743055555555557, 0.7743055555555557, 0.7743055555555557, 0.7743055555555557, 0.7743055555555557]}