{"train_loss": [1.0202818910280864, 0.839553713798523, 0.718322624762853, 0.6382297948002815, 0.5871630335847536, 0.5518586312731107, 0.5266931553681692, 0.5082055603464445, 0.49425458411375683, 0.4836216668287913, 0.4753829936186473, 0.4689479221900304, 0.4638909151156743, 0.45989492038885754, 0.4567277580499649, 0.4542093401153882, 0.4522032191356023, 0.4506034900744756, 0.44932738443215686, 0.4483099381128947, 0.4474991063276927, 0.44685422132412594, 0.44634273399909336, 0.4459384058912595, 0.44562073796987534, 0.44537269075711566, 0.4451806843280792, 0.4450339625279109, 0.44492365419864655, 0.4448425496617953, 0.4447849641243617, 0.44474634776512784, 0.44472291817267734, 0.4447115610043208, 0.44470958908398944, 0.44471506277720135, 0.4447263951102893, 0.44474225242932636, 0.44476166864236194, 0.4447838018337886, 0.44480788707733154, 0.44483325878779095, 0.4448595891396205, 0.4448865403731664, 0.4449136555194855, 0.4449407284458478, 0.44496771444876987, 0.444994514187177, 0.4450208718578021, 0.4450467800100644], "train_acc": [0.6145833333333333, 0.6701388888888888, 0.7233796296296297, 0.7858796296296297, 0.8159722222222222, 0.8414351851851851, 0.8587962962962963, 0.8761574074074074, 0.8865740740740743, 0.894675925925926, 0.9004629629629631, 0.9074074074074074, 0.9108796296296298, 0.920138888888889, 0.9247685185185186, 0.9247685185185186, 0.9247685185185186, 0.9247685185185186, 0.9270833333333334, 0.9270833333333334, 0.9270833333333334, 0.929398148148148, 0.929398148148148, 0.929398148148148, 0.9305555555555555, 0.9305555555555555, 0.9317129629629629, 0.9317129629629629, 0.9328703703703703, 0.9328703703703703, 0.9328703703703703, 0.9328703703703703, 0.9328703703703703, 0.9328703703703703, 0.9340277777777777, 0.9340277777777777, 0.9351851851851851, 0.9351851851851851, 0.9351851851851851, 0.9351851851851851, 0.9351851851851851, 0.9351851851851851, 0.9351851851851851, 0.9351851851851851, 0.9351851851851851, 0.9351851851851851, 0.9351851851851851, 0.9351851851851851, 0.9351851851851851, 0.9351851851851851], "val_loss": [1.202150747179985, 1.160535529255867, 1.131595104932785, 1.1106766511996586, 1.0969435175259907, 1.086299180984497, 1.0773565471172333, 1.0709433605273564, 1.0660635779301326, 1.0622666378815968, 1.0594967653354008, 1.0573191791772842, 1.0556320895751317, 1.0543247312307358, 1.0532881567875545, 1.0524765402078629, 1.0518343846003215, 1.051325609286626, 1.0509183605511982, 1.0505927503108978, 1.0503320395946503, 1.050121784210205, 1.0499504109223683, 1.0498130569855373, 1.0497023314237595, 1.049613172809283, 1.0495426158110301, 1.049486940105756, 1.0494418442249298, 1.049406076471011, 1.0493787080049515, 1.0493579854567845, 1.0493424783150356, 1.0493323107560475, 1.0493251581986744, 1.049320677916209, 1.0493188450733821, 1.0493186364571254, 1.049321134885152, 1.0493243982394536, 1.0493290970722835, 1.0493346105019252, 1.049340729912122, 1.0493478973706563, 1.0493550101915996, 1.049362634619077, 1.0493696331977844, 1.0493765473365784, 1.0493837495644887, 1.0493909617265065], "val_acc": [0.5219907407407408, 0.5358796296296297, 0.5462962962962962, 0.5694444444444443, 0.5763888888888888, 0.5787037037037037, 0.5787037037037036, 0.5787037037037037, 0.5787037037037036, 0.579861111111111, 0.5810185185185185, 0.5810185185185185, 0.5856481481481481, 0.5810185185185185, 0.579861111111111, 0.5787037037037037, 0.5787037037037037, 0.5787037037037036, 0.579861111111111, 0.5787037037037037, 0.5798611111111112, 0.5798611111111112, 0.5798611111111112, 0.5798611111111112, 0.5787037037037037, 0.5775462962962963, 0.5775462962962963, 0.5787037037037036, 0.5787037037037036, 0.5810185185185185, 0.5821759259259259, 0.5821759259259259, 0.5833333333333334, 0.5833333333333334, 0.5833333333333334, 0.5833333333333334, 0.5833333333333334, 0.5833333333333334, 0.5833333333333334, 0.5810185185185186, 0.5810185185185186, 0.5810185185185186, 0.5810185185185186, 0.5798611111111112, 0.5798611111111112, 0.5798611111111112, 0.5798611111111112, 0.5798611111111112, 0.5798611111111112, 0.5810185185185185]}