{"train_loss": [1.0198292657732964, 0.8847407326102257, 0.780907616019249, 0.7011193856596947, 0.6411881521344185, 0.5978813990950584, 0.5658693239092827, 0.541466161608696, 0.5224612280726433, 0.5074599869549274, 0.4954710528254509, 0.4858027435839176, 0.47795799002051353, 0.4715620391070843, 0.46632564440369606, 0.4620266705751419, 0.45849214494228363, 0.4555843509733677, 0.45319145172834396, 0.45122337341308594, 0.4496062994003296, 0.4482807256281376, 0.44719699770212173, 0.446314450353384, 0.4455997198820114, 0.4450242631137371, 0.4445652961730957, 0.4442032426595688, 0.44392204657197, 0.4437080956995487, 0.44355012476444244, 0.44343867897987366, 0.44336576014757156, 0.4433247447013855, 0.4433097168803215, 0.4433162435889244, 0.443340290337801, 0.4433785527944565, 0.44342805817723274, 0.44348669052124023, 0.44355229288339615, 0.4436234273016453, 0.44369857013225555, 0.44377681240439415, 0.44385696202516556, 0.44393839687108994, 0.44402042031288147, 0.4441024586558342, 0.44418390467762947, 0.4442647024989128], "train_acc": [0.6128472222222222, 0.65625, 0.6996527777777778, 0.7465277777777778, 0.782986111111111, 0.8038194444444444, 0.8298611111111112, 0.8489583333333333, 0.8628472222222222, 0.8715277777777777, 0.8888888888888888, 0.8993055555555556, 0.9027777777777777, 0.9045138888888888, 0.9097222222222222, 0.9149305555555556, 0.9201388888888888, 0.921875, 0.921875, 0.9236111111111112, 0.9305555555555556, 0.9305555555555556, 0.9305555555555556, 0.9340277777777778, 0.9375, 0.9357638888888888, 0.9357638888888888, 0.9357638888888888, 0.9392361111111112, 0.9392361111111112, 0.9392361111111112, 0.9409722222222222, 0.9409722222222222, 0.9409722222222222, 0.9427083333333334, 0.9427083333333334, 0.9427083333333334, 0.9427083333333334, 0.9427083333333334, 0.9427083333333334, 0.9444444444444444, 0.9444444444444444, 0.9444444444444444, 0.9444444444444444, 0.9444444444444444, 0.9444444444444444, 0.9444444444444444, 0.9444444444444444, 0.9444444444444444, 0.9444444444444444], "val_loss": [1.2210554406046867, 1.1784427016973495, 1.157391332089901, 1.1348158195614815, 1.1155018731951714, 1.1033569648861885, 1.0947964787483215, 1.0871226340532303, 1.0804542303085327, 1.0753573775291443, 1.0715338438749313, 1.0684488862752914, 1.0659805163741112, 1.0641697570681572, 1.0628340914845467, 1.0617824345827103, 1.0609757974743843, 1.0603806972503662, 1.0599286779761314, 1.0595831349492073, 1.0593332350254059, 1.0591589137911797, 1.0590423345565796, 1.058972992002964, 1.0589413419365883, 1.058940827846527, 1.0589635595679283, 1.059005968272686, 1.0590636283159256, 1.0591338500380516, 1.0592128932476044, 1.0592996552586555, 1.0593909621238708, 1.0594874918460846, 1.0595889762043953, 1.0596933811903, 1.0597998797893524, 1.0599067136645317, 1.0600136071443558, 1.0601201876997948, 1.0602260902523994, 1.0603305250406265, 1.0604339465498924, 1.0605365708470345, 1.0606375932693481, 1.0607370510697365, 1.0608339682221413, 1.0609285160899162, 1.0610204115509987, 1.0611102357506752], "val_acc": [0.5399305555555556, 0.5451388888888888, 0.5295138888888888, 0.5451388888888888, 0.5572916666666666, 0.5677083333333334, 0.5729166666666667, 0.578125, 0.5798611111111112, 0.5798611111111112, 0.5833333333333334, 0.5868055555555556, 0.5920138888888888, 0.5885416666666666, 0.5902777777777778, 0.5920138888888888, 0.5920138888888888, 0.5920138888888888, 0.5920138888888888, 0.5920138888888888, 0.5920138888888888, 0.5885416666666666, 0.5868055555555556, 0.5868055555555556, 0.5868055555555556, 0.5885416666666667, 0.5868055555555556, 0.5885416666666667, 0.5902777777777778, 0.5902777777777778, 0.5885416666666667, 0.5885416666666667, 0.5885416666666667, 0.5902777777777778, 0.5902777777777778, 0.5902777777777778, 0.5902777777777778, 0.5885416666666667, 0.5868055555555556, 0.5850694444444444, 0.5850694444444444, 0.5868055555555556, 0.5868055555555556, 0.5868055555555556, 0.5868055555555556, 0.5868055555555556, 0.5868055555555556, 0.5868055555555556, 0.5868055555555556, 0.5868055555555556]}