{"train_loss": [0.9350540190935135, 0.7724190255006155, 0.6663394967714945, 0.5899353971083959, 0.5358579630653063, 0.49682742605606717, 0.4679723531007767, 0.4466065938274066, 0.430526797970136, 0.4182954430580139, 0.4089379832148552, 0.40170788516600925, 0.39609239995479584, 0.39170949161052704, 0.3882732018828392, 0.385573777059714, 0.3834485535820325, 0.38177426904439926, 0.3804556007186572, 0.3794177323579788, 0.3786024923125903, 0.37796379377444583, 0.37746581931908924, 0.3770799661676089, 0.37678343057632446, 0.3765575836102168, 0.3763880655169487, 0.37626345703999203, 0.3761741369962692, 0.3761124288042386, 0.37607287367184955, 0.3760506684581439, 0.37604185938835144, 0.3760434115926425, 0.3760528589288394, 0.3760681947072347, 0.37608783692121506, 0.3761106828848521, 0.37613550821940106, 0.37616165230671567, 0.3761887078483899, 0.37621600180864334, 0.3762434745828311, 0.37627051770687103, 0.37629715104897815, 0.3763232082128525, 0.3763485128680865, 0.3763730550805728, 0.376396802564462, 0.376419593890508], "train_acc": [0.6226851851851852, 0.6921296296296294, 0.7488425925925927, 0.7870370370370371, 0.8206018518518517, 0.8495370370370371, 0.8703703703703703, 0.8900462962962963, 0.9039351851851851, 0.920138888888889, 0.9224537037037037, 0.9282407407407409, 0.9317129629629629, 0.9421296296296294, 0.9456018518518516, 0.9479166666666665, 0.9502314814814813, 0.9525462962962962, 0.9537037037037036, 0.954861111111111, 0.9537037037037036, 0.9537037037037036, 0.9537037037037036, 0.954861111111111, 0.954861111111111, 0.954861111111111, 0.954861111111111, 0.954861111111111, 0.954861111111111, 0.9560185185185185, 0.9571759259259257, 0.9571759259259257, 0.9583333333333331, 0.9583333333333331, 0.9583333333333331, 0.9583333333333331, 0.9583333333333331, 0.9583333333333331, 0.9583333333333331, 0.9583333333333331, 0.9583333333333331, 0.9583333333333331, 0.9583333333333331, 0.9583333333333331, 0.9583333333333331, 0.9583333333333331, 0.9583333333333331, 0.9583333333333331, 0.9583333333333331, 0.9583333333333331], "val_loss": [0.8372371892134348, 0.787176380554835, 0.762759710351626, 0.7480856130520502, 0.7366774007678032, 0.7320718268553416, 0.7295856873194376, 0.7283120801051458, 0.7283201615015665, 0.7287386606136957, 0.7295037458340327, 0.7305086602767309, 0.7315954566001892, 0.7327409535646439, 0.7338913232088089, 0.7350088705619177, 0.7360757142305374, 0.7370728005965551, 0.7379958778619766, 0.7388437589009603, 0.7396153062582016, 0.7403147915999094, 0.7409473607937495, 0.7415197243293127, 0.7420368244250616, 0.7425032953421274, 0.7429258575042089, 0.7433068404595057, 0.7436519314845403, 0.7439647366603216, 0.7442489167054495, 0.7445072929064432, 0.7447431335846583, 0.7449586143096288, 0.7451563080151876, 0.7453373819589615, 0.7455040017763773, 0.7456578115622202, 0.7458000232776006, 0.7459316253662109, 0.7460537652174631, 0.7461667309204737, 0.7462715854247411, 0.7463689595460892, 0.7464601198832194, 0.7465447932481766, 0.7466230889161428, 0.7466964522997538, 0.7467655738194784, 0.7468302845954895], "val_acc": [0.6493055555555557, 0.6759259259259259, 0.7037037037037037, 0.7268518518518517, 0.7280092592592592, 0.7349537037037037, 0.7395833333333334, 0.7372685185185185, 0.7291666666666666, 0.7291666666666666, 0.7245370370370369, 0.7245370370370371, 0.7210648148148148, 0.7256944444444443, 0.7245370370370371, 0.7222222222222222, 0.7222222222222222, 0.7222222222222222, 0.7199074074074074, 0.7199074074074074, 0.7199074074074074, 0.7210648148148149, 0.7233796296296297, 0.7280092592592592, 0.7268518518518517, 0.7280092592592592, 0.7291666666666666, 0.7303240740740741, 0.7280092592592594, 0.7280092592592594, 0.7280092592592594, 0.726851851851852, 0.726851851851852, 0.7256944444444445, 0.7256944444444445, 0.726851851851852, 0.726851851851852, 0.726851851851852, 0.726851851851852, 0.726851851851852, 0.726851851851852, 0.726851851851852, 0.726851851851852, 0.726851851851852, 0.726851851851852, 0.726851851851852, 0.726851851851852, 0.726851851851852, 0.726851851851852, 0.726851851851852]}