{"train_loss": [0.9451341703534126, 0.8185298815369606, 0.7229656353592873, 0.647795669734478, 0.5894135534763336, 0.5448528081178665, 0.5103568956255913, 0.4831315763294697, 0.46161843836307526, 0.44462352618575096, 0.4310925416648388, 0.42019763216376305, 0.4113800600171089, 0.40422916784882545, 0.3984013721346855, 0.39362360537052155, 0.38969437777996063, 0.3864605017006397, 0.3837948217988014, 0.3815946877002716, 0.3797798827290535, 0.37828486785292625, 0.37705520540475845, 0.3760466240346432, 0.37522249296307564, 0.3745527155697346, 0.37401146441698074, 0.3735780380666256, 0.3732343874871731, 0.3729660212993622, 0.3727601729333401, 0.37260687351226807, 0.3724972568452358, 0.3724237456917763, 0.3723803758621216, 0.3723616674542427, 0.3723635673522949, 0.37238190323114395, 0.37241387367248535, 0.3724565878510475, 0.372508205473423, 0.3725665956735611, 0.37263018265366554, 0.37269799411296844, 0.3727685920894146, 0.3728412352502346, 0.37291544303297997, 0.3729901798069477, 0.3730653040111065, 0.37314027920365334], "train_acc": [0.6163194444444444, 0.6840277777777777, 0.7274305555555556, 0.7604166666666666, 0.7916666666666667, 0.8211805555555556, 0.8402777777777778, 0.857638888888889, 0.876736111111111, 0.8888888888888888, 0.8993055555555556, 0.9045138888888888, 0.9131944444444444, 0.920138888888889, 0.9270833333333334, 0.9305555555555556, 0.9340277777777778, 0.9444444444444444, 0.9479166666666667, 0.953125, 0.953125, 0.953125, 0.954861111111111, 0.9583333333333334, 0.9583333333333334, 0.9583333333333334, 0.9600694444444444, 0.9600694444444444, 0.9635416666666667, 0.9635416666666667, 0.9652777777777778, 0.967013888888889, 0.967013888888889, 0.967013888888889, 0.967013888888889, 0.967013888888889, 0.967013888888889, 0.967013888888889, 0.967013888888889, 0.967013888888889, 0.9652777777777778, 0.9652777777777778, 0.9652777777777778, 0.9652777777777778, 0.9652777777777778, 0.9652777777777778, 0.9652777777777778, 0.9652777777777778, 0.9652777777777778, 0.9652777777777778], "val_loss": [0.8340517804026604, 0.8109557703137398, 0.7771377190947533, 0.759421706199646, 0.748458094894886, 0.7389002367854118, 0.7324303239583969, 0.7293949648737907, 0.7277300581336021, 0.7266704440116882, 0.7263734340667725, 0.7266138568520546, 0.7270652875304222, 0.7276812046766281, 0.7284459322690964, 0.7292769476771355, 0.7301356121897697, 0.7310149222612381, 0.7318897396326065, 0.7327426671981812, 0.7335686162114143, 0.7343595996499062, 0.7351106181740761, 0.735819511115551, 0.7364879176020622, 0.7371173650026321, 0.7377069443464279, 0.7382582426071167, 0.7387747913599014, 0.739258237183094, 0.739710621535778, 0.7401348799467087, 0.7405317723751068, 0.7409046590328217, 0.7412567883729935, 0.7415888980031013, 0.7419031783938408, 0.7422017306089401, 0.7424839809536934, 0.7427517771720886, 0.7430059909820557, 0.7432481497526169, 0.7434790804982185, 0.7436989843845367, 0.7439081892371178, 0.7441075369715691, 0.7442979216575623, 0.7444801926612854, 0.7446552217006683, 0.7448228150606155], "val_acc": [0.6493055555555556, 0.6614583333333333, 0.685763888888889, 0.7100694444444444, 0.7239583333333333, 0.7274305555555556, 0.7361111111111112, 0.7378472222222222, 0.7413194444444444, 0.7395833333333334, 0.7361111111111112, 0.7395833333333333, 0.7326388888888888, 0.7291666666666667, 0.7309027777777777, 0.7256944444444444, 0.7222222222222223, 0.7239583333333334, 0.7204861111111112, 0.71875, 0.71875, 0.7204861111111112, 0.7239583333333333, 0.7204861111111112, 0.7239583333333333, 0.7239583333333333, 0.7239583333333333, 0.7239583333333333, 0.7239583333333333, 0.7256944444444444, 0.7291666666666666, 0.7309027777777777, 0.7291666666666666, 0.7291666666666666, 0.7291666666666666, 0.7309027777777777, 0.7326388888888888, 0.7309027777777778, 0.7326388888888888, 0.7326388888888888, 0.7326388888888888, 0.7326388888888888, 0.7326388888888888, 0.7326388888888888, 0.7309027777777778, 0.7274305555555556, 0.7274305555555556, 0.7274305555555556, 0.7256944444444444, 0.7256944444444444]}